;攻撃と知力を上げて設置攻撃で相手を油断させまくる。強い

番号,161,
名前,井ノ上たきな,
呼び名,たきな,

;名字
CSTR,10,井ノ上,

;年齢
CSTR,204,16,
CSTR,205,実年齢に合わせる,
CSTR,206,実年齢に合わせる,

;-------初期ステータス----------
;体力：鍛練やダメージなどで減少していき、行動の成功率に影響します。カス当たりの威力に大きく影響します。
基礎,体力,1100

;気力：ダメージや凌辱などで減少していき、行動の成功率に影響します。０になると【変身】が解除されてしまいます。
基礎,気力,1100

;性耐性：凌辱されると減少していき、低いほど性的な防御力が低下します。高いほど絶頂による【変身】解除を防ぎます。
基礎,性耐性,70

;攻撃：相手に与えるダメージ全般に影響します。選んだ戦闘スタイルによってダメージへの影響度は異なります。
基礎,攻撃,150

;防御：相手から受けるダメージや「振り解く」の成功率、そしてキャラクターの底力全般に影響します。
;心眼で-5
基礎,防御,80

;敏捷：動の成功率と命中率、回避率に影響します。行動順には影響しません。
;心眼で-5
基礎,敏捷,90

;知性：触手の攻撃予測の成功率と、「振り解く」の成功率に影響します。また、支援に回った時に必要になる能力です。
基礎,知性,150

;初期レベル
能力,レベル,1

;基本値10000
基礎,射精,10000

;基本値10000
基礎,噴乳,10000

;エアストライク：空中ダッシュゲージを消費して滞空状態になります。滞空中は回避率が高くなりますが、着地の瞬間は無防備になります。
;エアストライクはできない
基礎,空中ダッシュ,0

;-------素質--------------------
;Talent.csvを見ながら設定すると良い

素質,真面目,
素質,人間,
素質,処女,

素質,清純派,1,
素質,自分勝手,1,
素質,プライド高い,1,
素質,快楽の否定,1,
素質,度胸,1,

素質,中距離得意,

素質,身長指定,1600,
素質,体重指定,415,
素質,胸囲指定,855,
素質,胴囲指定,537,
素質,腰囲指定,869,

;-------FEAT--------------------
素質,攻勢構築,1,
素質,ホットスタート,1,
素質,心眼,1,

;-------衣装データ-------------
;ブレザー
フラグ,40,102,

;メンズ下着
フラグ,42,314,

;スーパースコープ
フラグ,43,501,

;-------髪型データ-------------
;ここで設定した文字列データが直接表示されるので、好きな文字列を入れても問題ない。
;詳細は資料フォルダの「キャラクター追加：髪型について」を参照のこと。

;前髪
CSTR,12,ナチュラル,

;ヘアスタイル
CSTR,13,ロングヘア,

;-------目つき------------------
CSTR,18,ツリ目,

;-------プロフィール-------------
;色をRGBまたは漢字・カタカナで指定可能。
;詳細は資料フォルダの「キャラクター追加：色情報について」を参照のこと。

;髪の色
CSTR,30,255//255//208,

;瞳の色
CSTR,32,紫
CSTR,33,紫

;肌の色
CSTR,36,色白

;-------武器定義---------------
;文字列データとして武器を定義しておくと、キャラメイク時に読み込まれる
;データ節を//で区切って記述する
;第０節（文字列の先頭の部分）は武器の名前
;第１節は地の文カスタマイズ、工事中につき内容は何を書いても大丈夫だが、省略はしないこと
;第２節は戦闘スタイル、文字と半角数字の両方で記述できる

CSTR,15,たきなの銃 - インスティンクト射撃// //知略
CSTR,16,たきなの銃 - 精密射撃// //設置
CSTR,17,たきなの銃 - 射撃// //使役

;-------パーソナリティ----------
CSTR,40,自他ともに認める優秀なリコリス,
CSTR,41,クールな性格で、無駄を嫌う。周囲を危険にさらすスタンドプレーに走りがち,
CSTR,42,目標の再現性が完全に潰えてしまうと、心が折れてしまう,
 
;-------相関関係----------
;以下を適用するには、ゲーム開始前に「[30]ヒロインに相関関係を設定する」を１回クリックする必要がある

;千束は愛する友人
相性,160,1073741840,

;クルミは親友
相性,162,1073741828,

;ミズキは親友
相性,163,1073741828,

;-------口上指定----------------
素質,口上設定,161

;-------固有キャラフラグ--------
素質,固有キャラ,
