番号,144,
名前,白姫彼方,
呼び名,彼方,
CSTR,10,白姫,;　苗字
フラグ,8,27,;　一人称設定
 
;-------年齢指定----------------
CSTR,204,13,;実年齢指定
CSTR,205,13,;年齢指定
CSTR,206,13,;変身時年齢指定
 
;-------初期ステータス----------
;ステータスにおける基礎値
基礎,体力,1100,
基礎,気力,1100,
基礎,性耐性,110,
基礎,攻撃,100,
基礎,防御,100,
基礎,敏捷,100,
基礎,知性,100,
基礎,射精,10000,
基礎,噴乳,10000,
能力,レベル,1,
基礎,空中ダッシュ,2,
 
;-------素質--------------------
素質,パイパン,1,
素質,初心,1,
素質,素直,1,
素質,Ａ敏感,1,
素質,小柄,1,
素質,近距離得意,1,
素質,遠距離苦手,1,
素質,人間,1,
素質,清純派,1,
素質,噂好きの友人,1,
素質,オトコ,1,
素質,変身時ＴＳ,1,
素質,男の娘,1,
;素質,変身時男の娘,1,
素質,学生,2,;　中学生
;-------FEAT--------------------
素質,剛腕,1,
素質,不屈,1,
素質,スタミナ,1,
 
;-------感覚など----------------
 
;-------経験--------------------
フラグ,35,0,;　Ｖ拡張度
フラグ,36,0,;　Ａ拡張度
 
;-------刻印--------------------
 
;-------珠----------------------
 
;-------衣装--------------------
フラグ,40,102,;　ブレザー
フラグ,41,102,;　ブレザー
フラグ,42,308,;　スパッツ
フラグ,43,500,;　スカウター
EQUIP,2,2000000030001,;　ブレザーのカスタマイズ
EQUIP,102,204000120001,;　ブレザー（変身後）のカスタマイズ
 
;-------髪型--------------------
CSTR,12,ナチュラル,
CSTR,13,ロングヘア,
CSTR,14,ツインテール,
 
;-------目つき--------------------
CSTR,18,普通,
 
;-------プロフィール-------------
;髪の色
CSTR,30,205//205//205,
;変身時の髪の色
CSTR,31,205//205//205,
;右目の色
CSTR,32,8//125//255,
;左目の色
CSTR,33,8//125//255,
;変身時の右目の色
CSTR,34,8//125//255,
;変身時の左目の色
CSTR,35,8//125//255,
;肌の色
CSTR,36,255//236//220,
;変身時の肌の色
CSTR,37,255//236//220,
 
;-------武器定義-----------------
CSTR,15,蒼の螺旋// //広範,
CSTR,16,蒼の軌跡// //重撃,
CSTR,17,蒼の螺旋-カノン// //全力,
 
;-------キャラフラグ------------
フラグ,10,25,;　変身能力のあるキャラの変身前の能力(デフォルトは25%)
フラグ,11,110,;　変身能力のあるキャラのSP変身後の能力(デフォルトは110%)
 
;-------変身能力関連------------
素質,変身能力,1,;　変身能力あり
 
;変身後の名前
CSTR,0,かなたん,
フラグ,2,1,
 
;変身後の呼び名
CSTR,1,かなたん,
フラグ,3,1,
 
;変身時のかけ声
CSTR,2,遍く空の果てへ……　オーヴァーゼアーー！！,
フラグ,4,1,
 
;-------パーソナリティ----------
CSTR,40,髪を長くしている家訓がある,
CSTR,41,負けず嫌い,
CSTR,42,家事万能,
 
;-------キャラメイクボーナス----------
フラグ,50,10,;体力
フラグ,52,-10,;性耐性
フラグ,53,15,;攻撃
フラグ,54,10,;防御
フラグ,56,-10,;知性
 
;-------オプション系素質----------
素質,変身時Ｖ感覚変動,-1,
 
;-------現在の体型乱数----------
素質,体型乱数値指定,511733504206,
素質,体型成長曲線指定,33137985399,
 
;キャラの体型をCSVに記述する場合は上記２つあればＯＫだが、
;以下の乱数指定を利用することもできる
;不要であれば削除すること
;-------体型乱数指定----------
素質,身長成長率乱数,2,
素質,身長補正乱数,24,
素質,体重乱数,50,
素質,胴囲乱数,2,
素質,腰囲乱数,15,
素質,アンダー乱数,3,
素質,胸の張り乱数,14,
素質,胸成長率乱数,2,
素質,胸サイズ補正乱数,52,
 
;-------口上指定----------------
素質,口上設定,-2
 
;-------固有キャラ--------------
素質,固有キャラ
 