番号,121,
名前,ホムラ,
呼び名,ホムラ,
 
;-------年齢指定----------------
CSTR,204,500,;実年齢指定
CSTR,205,20,;年齢指定
CSTR,206,-1,;変身時年齢指定
 
;-------初期ステータス----------
;ステータスにおける基礎値
基礎,体力,1000,
基礎,気力,1000,
基礎,性耐性,100,
基礎,攻撃,100,
基礎,防御,120,
基礎,敏捷,80,
基礎,知性,120,
基礎,射精,10000,
基礎,噴乳,10000,
能力,レベル,1,
基礎,空中ダッシュ,2,
 
;-------素質--------------------
素質,処女,1,
素質,おっとり,1,
素質,Ａ敏感,1,
素質,Ｂ敏感,1,
素質,巨乳,2,
素質,濡れやすい,1,
素質,回復早い,1,
素質,近距離得意,1,
素質,空中苦手,1,
素質,ポリニアン,1,
素質,清純派,1,
素質,保守的,1,
素質,快楽に弱い,1,
素質,度胸,1,
素質,母性的,1,
素質,外見,1,;　安産型
素質,変身時外見,1,
;-------FEAT--------------------
素質,フルバースト,1,
素質,スタミナ,1,
素質,心眼,1,
 
;-------感覚など----------------
;能力,奉仕精神,1,
 
;-------経験--------------------
フラグ,35,0,;　Ｖ拡張度
フラグ,36,0,;　Ａ拡張度
 
;-------衣装--------------------
フラグ,40,148,;　童貞を殺す服
フラグ,41,202,;　バトルレオタード
フラグ,42,302,;　大人の下着
フラグ,43,503,;　やる気スイッチ
CSTR,8,Vネックトップス,;　アウターの名称
EQUIP,48,1001000044011,;　童貞を殺す服のカスタマイズ
EQUIP,302,200000000000013,;　大人の下着のカスタマイズ
EQUIP,600,1,;　過剰な露出
EQUIP,602,1,;　パワージュエル
EQUIP,661,1,;　羽織：マント
EQUIP,670,1,;　胸部：軽装甲
EQUIP,690,1,;　脚部：絶対領域
 
;-------髪型--------------------
CSTR,12,ナチュラル,
CSTR,13,ショートヘア,
CSTR,14,ショートヘア,
 
;-------目つき--------------------
CSTR,18,普通,
 
;-------プロフィール-------------
;髪の色
CSTR,30,255//8//8,
;変身時の髪の色
CSTR,31,255//8//8,
;右目の色
CSTR,32,255//8//8,
;左目の色
CSTR,33,255//8//8,
;変身時の右目の色
CSTR,34,255//8//8,
;変身時の左目の色
CSTR,35,255//8//8,
;肌の色
CSTR,36,255//200//180,
;変身時の肌の色
CSTR,37,255//200//180,
 
;-------武器定義-----------------
CSTR,15,フレイムノヴァ// //装甲,
CSTR,16,ブレイズエンド// //連続,
CSTR,17,プロミネンスリボルト// //広範,
 
;-------キャラフラグ------------
フラグ,10,50,;　変身能力のあるキャラの変身前の能力(デフォルトは25%)
フラグ,11,120,;　変身能力のあるキャラのSP変身後の能力(デフォルトは110%)
 
;-------変身能力関連------------
素質,変身能力,1,;　変身能力あり
 
;変身後の名前
CSTR,0,ホムラ,
フラグ,2,1,
 
;変身後の呼び名
CSTR,1,ホムラ,
フラグ,3,1,
 
;-------パーソナリティ----------
CSTR,40,負けず嫌い,
CSTR,41,料理が得意,
CSTR,42,自己犠牲を惜しまない,
 
;-------キャラメイクボーナス----------
フラグ,50,20,;体力
フラグ,51,20,;気力
フラグ,52,-20,;性耐性
フラグ,53,20,;攻撃
フラグ,54,-15,;防御
フラグ,55,25,;敏捷
フラグ,56,-40,;知性
 
;-------現在の体型乱数----------
素質,体型乱数値指定,223589991334,
素質,体型成長曲線指定,212002224879939,
 
;-------体型乱数指定----------
素質,身長成長率乱数,7,
素質,身長補正乱数,16,
素質,体重乱数,5,
素質,胴囲乱数,5,
素質,腰囲乱数,7,
素質,アンダー乱数,9,
素質,胸の張り乱数,2,
素質,胸成長率乱数,4,
素質,胸サイズ補正乱数,42,
 
;-------口上指定----------------
素質,口上設定,121
 
;-------固有キャラ--------------
素質,固有キャラ
 