;特別活動で資金を稼ぐおとなのおねえさん。でも戦える

番号,163,
名前,中原ミズキ,
呼び名,ミズキ,

;名字
CSTR,10,中原,

;年齢
CSTR,204,27,
CSTR,205,実年齢に合わせる,
CSTR,206,実年齢に合わせる,

;-------初期ステータス----------
;体力：鍛練やダメージなどで減少していき、行動の成功率に影響します。カス当たりの威力に大きく影響します。
基礎,体力,1000

;気力：ダメージや凌辱などで減少していき、行動の成功率に影響します。０になると【変身】が解除されてしまいます。
基礎,気力,1200

;性耐性：凌辱されると減少していき、低いほど性的な防御力が低下します。高いほど絶頂による【変身】解除を防ぎます。
基礎,性耐性,150

;攻撃：相手に与えるダメージ全般に影響します。選んだ戦闘スタイルによってダメージへの影響度は異なります。
;ラッキーチャームで-5
基礎,攻撃,95

;防御：相手から受けるダメージや「振り解く」の成功率、そしてキャラクターの底力全般に影響します。
;ラッキーチャームで-5
基礎,防御,95

;敏捷：動の成功率と命中率、回避率に影響します。行動順には影響しません。
;ラッキーチャームで-5
基礎,敏捷,95

;知性：触手の攻撃予測の成功率と、「振り解く」の成功率に影響します。また、支援に回った時に必要になる能力です。
;ラッキーチャームで-5
基礎,知性,135

;初期レベル
能力,レベル,1

;基本値10000
基礎,射精,10000

;基本値10000
基礎,噴乳,10000

;エアストライク：空中ダッシュゲージを消費して滞空状態になります。滞空中は回避率が高くなりますが、着地の瞬間は無防備になります。
;エアストライクはできない
基礎,空中ダッシュ,0

;-------素質--------------------
;Talent.csvを見ながら設定すると良い

素質,おしゃべり,
素質,人間,
素質,処女,

素質,清純派,1,
素質,社交的,1,
素質,献身的,1,
素質,母性的,1,
素質,プライド高い,1,

素質,回復早い,1,

素質,身長指定,1620,
素質,体重指定,503,
素質,胸囲指定,960,
素質,胴囲指定,624,
素質,腰囲指定,983,

;-------FEAT--------------------
素質,ラッキーチャーム,1,
素質,スタミナ,1,

;大人の魅力なんだ
素質,人外の美貌,1,

;-------衣装データ-------------
;私服
フラグ,40,100,

;大人の下着
フラグ,42,302,

;インカム
フラグ,43,511,

;-------髪型データ-------------
;ここで設定した文字列データが直接表示されるので、好きな文字列を入れても問題ない。
;詳細は資料フォルダの「キャラクター追加：髪型について」を参照のこと。

;前髪
CSTR,12,M字分け,

;ヘアスタイル
CSTR,13,ウェーブヘア,

;-------目つき------------------
CSTR,18,くりっとした目,

;-------アクセント------------------
;メガネっ子
素質,アクセサリ,1,

;-------プロフィール-------------
;色をRGBまたは漢字・カタカナで指定可能。
;詳細は資料フォルダの「キャラクター追加：色情報について」を参照のこと。

;髪の色
CSTR,30,184//144//112,

;瞳の色
CSTR,32,255//200//104
CSTR,33,255//200//104

;肌の色
CSTR,36,色白

;-------武器定義---------------
;文字列データとして武器を定義しておくと、キャラメイク時に読み込まれる
;データ節を//で区切って記述する
;第０節（文字列の先頭の部分）は武器の名前
;第１節は地の文カスタマイズ、工事中につき内容は何を書いても大丈夫だが、省略はしないこと
;第２節は戦闘スタイル、文字と半角数字の両方で記述できる

CSTR,15,回し蹴り// //広範
CSTR,16,ミズキの銃 - 射撃// //使役
CSTR,17,ミズキの銃 - 射撃// //知略

;-------パーソナリティ----------
CSTR,40,喫茶リコリコで働く、結婚を焦る残念美人なアラサーお姉さん,
CSTR,41,元はDAの情報部員にいたが、組織内の風潮に嫌気が差したことで退職した,
CSTR,42,大酒豪,
 
;-------相関関係----------
;以下を適用するには、ゲーム開始前に「[30]ヒロインに相関関係を設定する」を１回クリックする必要がある

;千束は親友
相性,160,1073741828,

;たきなは親友
相性,161,1073741828,

;クルミは親友
相性,162,1073741828,

;-------口上指定----------------
素質,口上設定,163

;-------固有キャラフラグ--------
素質,固有キャラ,
