;戦闘支援と情報収集に特化したオペ子。でも戦える

番号,162,
名前,クルミ,
呼び名,クルミ,

;名字なし
CSTR,10,,

;一人称はボク
フラグ,8,27,

;年齢
CSTR,204,30,
CSTR,205,実年齢に合わせる,
CSTR,206,実年齢に合わせる,

;-------初期ステータス----------
;体力：鍛練やダメージなどで減少していき、行動の成功率に影響します。カス当たりの威力に大きく影響します。
;叡智の冠で-5
基礎,体力,750

;気力：ダメージや凌辱などで減少していき、行動の成功率に影響します。０になると【変身】が解除されてしまいます。
;叡智の冠で-5
基礎,気力,750

;性耐性：凌辱されると減少していき、低いほど性的な防御力が低下します。高いほど絶頂による【変身】解除を防ぎます。
;叡智の冠で-5
基礎,性耐性,85

;攻撃：相手に与えるダメージ全般に影響します。選んだ戦闘スタイルによってダメージへの影響度は異なります。
;ラッキーチャームで-5
基礎,攻撃,95

;防御：相手から受けるダメージや「振り解く」の成功率、そしてキャラクターの底力全般に影響します。
;ラッキーチャームで-5
基礎,防御,65

;敏捷：動の成功率と命中率、回避率に影響します。行動順には影響しません。
;ラッキーチャームで-5、小さな体躯で+5
基礎,敏捷,60

;知性：触手の攻撃予測の成功率と、「振り解く」の成功率に影響します。また、支援に回った時に必要になる能力です。
;ラッキーチャームで-5、叡智の冠で+10
基礎,知性,145

;初期レベル
能力,レベル,1

;基本値10000
基礎,射精,10000

;基本値10000
基礎,噴乳,10000

;エアストライク：空中ダッシュゲージを消費して滞空状態になります。滞空中は回避率が高くなりますが、着地の瞬間は無防備になります。
;エアストライクはできない
基礎,空中ダッシュ,0

;-------素質--------------------
;Talent.csvを見ながら設定すると良い

素質,面倒くさがり,
素質,人間,
素質,処女,

素質,清純派,1,
素質,献身的,1,
素質,度胸,1,

素質,回復早い,
素質,噂好きの友人,1,
素質,警察関係者,2,
素質,情報屋,1,

素質,身長指定,1300,
素質,体重指定,345,
素質,胸囲指定,702,
素質,胴囲指定,581,
素質,腰囲指定,743,

;-------FEAT--------------------
素質,叡智の冠,1,
素質,ラッキーチャーム,1,
素質,小さな体躯,1,

;-------衣装データ-------------
;私服
フラグ,40,100,

;普通の下着
フラグ,42,300,

;インカム
フラグ,43,511,

;-------髪型データ-------------
;ここで設定した文字列データが直接表示されるので、好きな文字列を入れても問題ない。
;詳細は資料フォルダの「キャラクター追加：髪型について」を参照のこと。

;前髪
CSTR,12,おでこ出し,

;ヘアスタイル
CSTR,13,ウェーブヘア,

;-------目つき------------------
CSTR,18,ジト目,

;-------プロフィール-------------
;色をRGBまたは漢字・カタカナで指定可能。
;詳細は資料フォルダの「キャラクター追加：色情報について」を参照のこと。

;髪の色
CSTR,30,255//208//120,

;瞳の色
CSTR,32,8//248//255
CSTR,33,8//248//255

;肌の色
CSTR,36,色白

;-------武器定義---------------
;文字列データとして武器を定義しておくと、キャラメイク時に読み込まれる
;データ節を//で区切って記述する
;第０節（文字列の先頭の部分）は武器の名前
;第１節は地の文カスタマイズ、工事中につき内容は何を書いても大丈夫だが、省略はしないこと
;第２節は戦闘スタイル、文字と半角数字の両方で記述できる

CSTR,15,やけくそキック// //通常
CSTR,16,ドローンをぶつける// //知略
CSTR,17,ドローンで射撃// //使役

;-------パーソナリティ----------
CSTR,40,インターネットの黎明期から活躍する「最強のハッカー」,
CSTR,41,興味を持ったものを探求し、感情より理性を重んじている,
CSTR,42,無気力でぐうたら、食いしん坊,
 
;-------相関関係----------
;以下を適用するには、ゲーム開始前に「[30]ヒロインに相関関係を設定する」を１回クリックする必要がある

;千束は親友
相性,160,1073741828,

;たきなは親友
相性,161,1073741828,

;ミズキは親友
相性,163,1073741828,

;-------口上指定----------------
素質,口上設定,162

;-------固有キャラフラグ--------
素質,固有キャラ,
