番号,159,
名前,帆羽くれあ,
呼び名,くれあ,
CSTR,10,帆羽,;　苗字
 
;-------年齢指定----------------
CSTR,204,16,;実年齢指定
CSTR,205,16,;年齢指定
CSTR,206,16,;変身時年齢指定
 
;-------初期ステータス----------
;ステータスにおける基礎値
基礎,体力,1000,
基礎,気力,1000,
基礎,性耐性,100,
基礎,攻撃,120,
基礎,防御,80,
基礎,敏捷,100,
基礎,知性,100,
基礎,射精,10000,
基礎,噴乳,10000,
能力,レベル,1,
基礎,空中ダッシュ,2,
 
;-------素質--------------------
素質,処女,1,
素質,勝気,1,
素質,Ｂ敏感,1,
素質,人間,1,
素質,清純派,1,
素質,学生,3,;　高校生
素質,外見,1,;　安産型
素質,変身時外見,1,
;-------FEAT--------------------
素質,魔力貯蔵,1,
素質,秘められし力,1,
素質,狩人の勘,1,
 
;-------感覚など----------------
 
;-------経験--------------------
フラグ,35,0,;　Ｖ拡張度
フラグ,36,0,;　Ａ拡張度
 
;-------刻印--------------------
 
;-------珠----------------------
 
;-------衣装--------------------
フラグ,40,108,;　淑女のドレス
フラグ,41,201,;　プリティスカート
フラグ,42,302,;　大人の下着
フラグ,43,502,;　加速装置
EQUIP,8,10000000100,;　淑女のドレスのカスタマイズ
EQUIP,601,1,;　ビューティリボン
EQUIP,603,1,;　豪奢な装飾
EQUIP,683,1,;　腕部：ロンググローブ
EQUIP,690,1,;　脚部：絶対領域
 
;-------髪型--------------------
CSTR,12,斜め分け,
CSTR,13,ロングヘア,
CSTR,14,ポニーテール,
 
;-------目つき--------------------
CSTR,18,普通,
 
;-------プロフィール-------------
;髪の色
CSTR,30,8//125//255,
;変身時の髪の色
CSTR,31,0//255//255,
;右目の色
CSTR,32,255//255//8,
;左目の色
CSTR,33,255//255//8,
;変身時の右目の色
CSTR,34,255//125//8,
;変身時の左目の色
CSTR,35,255//125//8,
;肌の色
CSTR,36,255//236//220,
;変身時の肌の色
CSTR,37,255//236//220,
 
;-------武器定義-----------------
;エクレールイリュージョン
;きらめきタイム
;プリキュア・フライング・インフィニティ

CSTR,15,エクレールアタック// //通常,
CSTR,16,エクレールアタック// //通常,
CSTR,17,エクレールアタック// //通常,
 
;-------キャラフラグ------------
フラグ,10,50,;　変身能力のあるキャラの変身前の能力(デフォルトは25%)
フラグ,11,120,;　変身能力のあるキャラのSP変身後の能力(デフォルトは110%)
 
;-------変身能力関連------------
素質,変身能力,1,;　変身能力あり
 
;変身後の名前
CSTR,0,キュアエクレール,
フラグ,2,1,
 
;変身後の呼び名
CSTR,1,エクレール,
フラグ,3,1,
 
;変身時のかけ声
CSTR,2,オープン！　トップオブリリーフレグランス！　プリキュア！　ウェイクアップタイム！　フローラル・スピン！　ブルーム！,
フラグ,4,1,
 
;変身時の名乗り
CSTR,3,解き放て！　内なる真実の香り、名探偵　キュアエクレール！　私の答え、示しましょう！,
フラグ,5,1,

 ;-------相関関係----------
相性,158,3221225476,;親友で片思いの相手
 
;-------パーソナリティ----------
CSTR,40,おしとやかに見えるが芯の強い性格,
CSTR,41,高い洞察力と閃きで答えを導き出すタイプ,
CSTR,42,自分の「きらめき」を大切にしている,
 
;-------キャラメイクボーナス----------
フラグ,53,15,;攻撃
フラグ,54,25,;防御
フラグ,55,5,;敏捷
フラグ,56,10,;知性
 
;-------体型数値指定----------
素質,体型乱数値指定,529764103839,
素質,体型成長曲線指定,102002156599974,
 
;キャラの体型をCSVに記述する場合は上記２つあればＯＫだが、
;以下の乱数指定を利用することもできる
;不要であれば削除すること
;-------体型乱数指定----------
素質,身長成長率乱数,4,
素質,身長補正乱数,31,
素質,体重乱数,1,
素質,胴囲乱数,1,
素質,腰囲乱数,16,
素質,アンダー乱数,13,
素質,胸の張り乱数,1,
素質,胸成長率乱数,7,
素質,胸サイズ補正乱数,53,
 
;-------口上指定----------------
素質,口上設定,159
 
;-------固有キャラ--------------
素質,固有キャラ
 