番号,158,
名前,森亜るるか,
呼び名,るるか,
CSTR,10,森亜,;　苗字
 
;-------年齢指定----------------
CSTR,204,16,;実年齢指定
CSTR,205,16,;年齢指定
CSTR,206,16,;変身時年齢指定
 
;-------初期ステータス----------
;ステータスにおける基礎値
基礎,体力,1000,
基礎,気力,1100,
基礎,性耐性,110,
基礎,攻撃,110,
基礎,防御,90,
基礎,敏捷,100,
基礎,知性,110,
基礎,射精,10000,
基礎,噴乳,10000,
能力,レベル,1,
基礎,空中ダッシュ,2,
 
;-------素質--------------------
素質,処女,1,
素質,無口,1,
素質,Ｃ敏感,1,
素質,濡れにくい,1,
素質,中距離得意,1,
素質,人間,1,
素質,清純派,1,
素質,内向的,1,
素質,学生,3,;　高校生
素質,アクセサリ,2,;　アホ毛
;-------FEAT--------------------
素質,魔力貯蔵,1,
素質,叡智の冠,1,
素質,心眼,1,
 
;-------感覚など----------------
 
;-------経験--------------------
フラグ,35,0,;　Ｖ拡張度
フラグ,36,0,;　Ａ拡張度
 
;-------刻印--------------------
 
;-------珠----------------------
 
;-------衣装--------------------
フラグ,40,114,;　シスタースタイル
フラグ,41,201,;　プリティスカート
フラグ,42,302,;　大人の下着
フラグ,43,501,;　スーパースコープ
EQUIP,14,1001010331,;　シスタースタイルのカスタマイズ
EQUIP,302,1,;　大人の下着のカスタマイズ
EQUIP,601,1,;　ビューティリボン
EQUIP,603,1,;　豪奢な装飾
EQUIP,661,1,;　羽織：マント
EQUIP,690,1,;　脚部：絶対領域
 
;-------髪型--------------------
CSTR,12,Ｍ字分け,
CSTR,13,セミロング,
CSTR,14,ロングヘア,
 
;-------目つき--------------------
CSTR,18,普通,
 
;-------プロフィール-------------
;髪の色
CSTR,30,205//205//205,
;変身時の髪の色
CSTR,31,255//255//8,
;右目の色
CSTR,32,255//8//255,
;左目の色
CSTR,33,255//8//255,
;変身時の右目の色
CSTR,34,255//8//125,
;変身時の左目の色
CSTR,35,255//8//125,
;肌の色
CSTR,36,255//236//220,
;変身時の肌の色
CSTR,37,255//236//220,
 
;-------武器定義-----------------
CSTR,15,アルカナキック// //知略,
CSTR,16,ティアアルカナロッド// //設置,
CSTR,17,アルカナスターレイン// //使役,
 
;-------キャラフラグ------------
フラグ,10,75,;　変身能力のあるキャラの変身前の能力(デフォルトは25%)
フラグ,11,110,;　変身能力のあるキャラのSP変身後の能力(デフォルトは110%)
 
;-------変身能力関連------------
素質,変身能力,1,;　変身能力あり
 
;変身後の名前
CSTR,0,キュアアルカナ・シャドウ,
フラグ,2,1,
 
;変身後の呼び名
CSTR,1,アルカナ・シャドウ,
フラグ,3,1,
 
;変身時のかけ声
CSTR,2,オープン、ティアアルカナロッド。　シャッフル…リバース,
フラグ,4,1,
 
;変身時の名乗り
CSTR,3,神秘と秘密で包み込む、キュアアルカナ・シャドウ！　さぁ、迷宮へ誘いましょう,
フラグ,5,1,
 
 ;-------相関関係----------
相性,159,3221225476,;親友で片思いの相手
 
;-------パーソナリティ----------
CSTR,40,マイペースで型にはまらない性格,
CSTR,41,のんびりした口調が特徴,
CSTR,42,無類のアイス好き,
 
;-------キャラメイクボーナス----------
フラグ,50,5,;体力
フラグ,51,-5,;気力
フラグ,52,-5,;性耐性
フラグ,53,-10,;攻撃
フラグ,54,-5,;防御
フラグ,55,5,;敏捷
フラグ,56,30,;知性
 
;-------体型数値指定----------
素質,体型乱数値指定,158993415496,
素質,体型成長曲線指定,32116996797,
 
;キャラの体型をCSVに記述する場合は上記２つあればＯＫだが、
;以下の乱数指定を利用することもできる
;不要であれば削除すること
;-------体型乱数指定----------
素質,身長成長率乱数,4,
素質,身長補正乱数,23,
素質,体重乱数,1,
素質,胴囲乱数,1,
素質,腰囲乱数,1,
素質,アンダー乱数,1,
素質,胸の張り乱数,1,
素質,胸成長率乱数,7,
素質,胸サイズ補正乱数,53,
 
;-------口上指定----------------
素質,口上設定,158
 
;-------固有キャラ--------------
素質,固有キャラ
 