番号,3081,
名前,船田 初,;フルネーム
呼び名,初,;呼び名
CSTR,10,船田,;苗字

CSTR,4,わたくし,;　一人称

;-------年齢指定----------------
CSTR,204,16,
CSTR,205,16,
CSTR,206,16,

;-------初期ステータス----------
基礎,体力,1500,
基礎,気力,1500,
基礎,性耐性,100,
基礎,攻撃,130,
基礎,防御,120,
基礎,敏捷,120,
基礎,知性,115,
基礎,射精,10000,
基礎,噴乳,10000,
能力,レベル,1,
基礎,空中ダッシュ,2,

;-------素質--------------------
素質,処女
素質,おっとり
素質,異能力者
素質,清純派
素質,学生,3,;高校生　年齢的に
素質,家族関係,2
素質,Ｖ敏感,
素質,Ａ敏感,
素質,濡れやすい,
素質,回復早い,
素質,長身,
素質,近距離得意,
素質,外見,1,;　安産型
素質,プライド高い,
素質,情報屋,3
素質,上品,
素質,母性的
素質,喧嘩上等
素質,献身的
素質,社交的
素質,両刀
素質,巨乳,2

;-------FEAT--------------------
素質,不屈
素質,スタミナ
素質,心眼

;-------衣装--------------------
フラグ,40,117,;大和撫子
フラグ,42,300,;普通の下着
CSTR,8,ロネスネス隊服,
;-------髪型--------------------
CSTR,12,ナチュラル,
CSTR,13,ロングヘア,
CSTR,14,ロングヘア,

;-------目つき------------------
CSTR,18,タレ目,

;-------プロフィール-------------
;髪の色
CSTR,30,246//250//252,
;変身時の髪の色
CSTR,31,246//250//252,
;右目の色
CSTR,32,235//96//21,
;左目の色
CSTR,33,235//96//21,
;変身時の右目の色
CSTR,34,235//96//21,
;変身時の左目の色
CSTR,35,235//96//21,
;肌の色
CSTR,36,肌色,

;-------体型数値指定----------
素質,身長指定,1630,
素質,体重指定,590,
素質,胸囲指定,920,
素質,胴囲指定,570,
素質,腰囲指定,890,

;-------武器定義-----------------
;使用CHARM『ネイリング』
CSTR,15,ネイリング(突撃)// //全力
CSTR,16,ネイリング(薙払)// //広域
CSTR,17,ネイリング(射撃)// //知略

;-------パーソナリティ----------
CSTR,40,妹に対してヤンデレの気がある,
CSTR,41,辛いものが苦手,
CSTR,42,怒らせるととても怖い,

;-------キャラフラグ------------
フラグ,10,25,;変身能力のあるキャラの変身前の能力がどれくらい減るか(デフォルトは25%)
フラグ,11,110,;変身能力のあるキャラのSP変身後の能力がどれくらい増えるか(デフォルトは110%)

;-------キャラメイクボーナス----------
素質,固有キャラ,1
