番号,3082,
名前,司馬 燈,;フルネーム
呼び名,燈,;呼び名
CSTR,10,司馬,;苗字

CSTR,4,わたくし,;　一人称

;-------年齢指定----------------
CSTR,204,15,
CSTR,205,15,
CSTR,206,15,

;-------初期ステータス----------
基礎,体力,1450,
基礎,気力,1300,
基礎,性耐性,100,
基礎,攻撃,135,
基礎,防御,95,
基礎,敏捷,120,
基礎,知性,90,
基礎,射精,10000,
基礎,噴乳,10000,
能力,レベル,1,
基礎,空中ダッシュ,2,

;-------素質--------------------
素質,処女
素質,おっとり
素質,異能力者
素質,清純派
素質,学生,3,;高校生　年齢的に
素質,Ｖ敏感,
素質,Ｂ敏感,
素質,両刀
素質,巨乳,2
素質,回復早い
素質,外見,1,;　安産型
素質,献身的

;-------FEAT--------------------
素質,狩人の勘
素質,溢れる生命力
素質,ホットスタート

;-------衣装--------------------
フラグ,40,200,;アウタースーツ
フラグ,42,300,;普通の下着
CSTR,8,ロネスネス隊服,

;-------髪型--------------------
CSTR,12,センター分け,
CSTR,13,ロングヘア,
CSTR,14,ロングヘア,

;-------目つき------------------
CSTR,18,タレ目,

;-------プロフィール-------------
;髪の色
CSTR,30,247//129//133,
;変身時の髪の色
CSTR,31,247//129//133,
;右目の色
CSTR,32,207//207//0,
;左目の色
CSTR,33,227//10//69,
;変身時の右目の色
CSTR,34,207//207//0,
;変身時の左目の色
CSTR,35,227//10//69,
;肌の色
CSTR,36,肌色,

;-------体型数値指定----------
素質,身長指定,1590,
素質,体重指定,570,
素質,胸囲指定,910,
素質,胴囲指定,560,
素質,腰囲指定,890,

;-------武器定義-----------------
;使用CHARM『V・リーリエ』
CSTR,15,V・リーリエ(近接)// //全力
CSTR,16,V・リーリエ(撹乱)// //撹乱
CSTR,17,V・リーリエ(射撃)// //広範

;-------パーソナリティ----------
CSTR,40,熊と戦ったことがある,
CSTR,41,ジビエ料理が好き,
CSTR,42,純と同じ辛さのカレーを食べられる,

;-------キャラフラグ------------
フラグ,10,25,;変身能力のあるキャラの変身前の能力がどれくらい減るか(デフォルトは25%)
フラグ,11,110,;変身能力のあるキャラのSP変身後の能力がどれくらい増えるか(デフォルトは110%)
素質,固有キャラ,1
