番号,3083,
名前,長沢 雪,;フルネーム
呼び名,雪,;呼び名
CSTR,10,長沢,;苗字

CSTR,4,私,;　一人称

;-------年齢指定----------------
CSTR,204,17,
CSTR,205,17,
CSTR,206,17,

;-------初期ステータス----------
基礎,体力,1500,
基礎,気力,1500,
基礎,性耐性,100,
基礎,攻撃,130,
基礎,防御,125,
基礎,敏捷,115,
基礎,知性,100,
基礎,射精,10000,
基礎,噴乳,10000,
能力,レベル,1,
基礎,空中ダッシュ,2,

;-------素質--------------------
素質,処女
素質,無口
素質,異能力者
素質,清純派
素質,学生,3,;高校生　年齢的に
素質,Ｂ敏感,
素質,Ａ敏感,
素質,両刀
素質,長身,
素質,巨乳,1
素質,外見,1,;　安産型
素質,近距離得意,
素質,濡れにくい
素質,保守的

;-------FEAT--------------------
素質,剛腕
素質,スタミナ
素質,フルバースト

;-------衣装--------------------
フラグ,40,200,;アウタースーツ
フラグ,42,300,;普通の下着
CSTR,8,ロネスネス隊服,

;-------髪型--------------------
CSTR,12,ナチュラル,
CSTR,13,ポニーテール,
CSTR,14,ポニーテール,

;-------目つき------------------
CSTR,18,ツリ目,

;-------プロフィール-------------
;髪の色
CSTR,30,56//53//52,
;変身時の髪の色
CSTR,31,56//53//52,
;右目の色
CSTR,32,156//32//0,
;左目の色
CSTR,33,156//32//0,
;変身時の右目の色
CSTR,34,156//32//0,
;変身時の左目の色
CSTR,35,156//32//0,
;肌の色
CSTR,36,肌色,

;-------体型数値指定----------
素質,身長指定,1670,
素質,体重指定,590,
素質,胸囲指定,890,
素質,胴囲指定,560,
素質,腰囲指定,870,

;-------武器定義-----------------
;使用CHARM『ヤーレングレイプル』
CSTR,15,ヤーレングレイプル// //重撃
CSTR,16,ヤーレングレイプル// //反撃
CSTR,17,ヤーレングレイプル// //通常

;-------パーソナリティ----------
CSTR,40,盆栽を育てている,
CSTR,41,バズーカのような望遠鏡を持っている,
CSTR,42,雷が苦手,

;-------キャラフラグ------------
フラグ,10,25,;変身能力のあるキャラの変身前の能力がどれくらい減るか(デフォルトは25%)
フラグ,11,110,;変身能力のあるキャラのSP変身後の能力がどれくらい増えるか(デフォルトは110%)
素質,固有キャラ,1
