番号,373,
名前,聖騎士 ラティーナ,
呼び名,ラティーナ,
CSTR,4,私,;　一人称
 
;-------年齢指定----------------
CSTR,204,18,;実年齢指定
CSTR,205,18,;年齢指定
CSTR,206,-1,;変身時年齢指定
 
;-------初期ステータス----------
;ステータスにおける基礎値
基礎,体力,1050,
基礎,気力,1450,
基礎,性耐性,95,
基礎,攻撃,95,
基礎,防御,145,
基礎,敏捷,95,
基礎,知性,100,
基礎,射精,10000,
基礎,噴乳,10000,
能力,レベル,1,
基礎,空中ダッシュ,2,
 
;-------素質--------------------
素質,処女,1,
素質,真面目,1,
素質,Ｖ敏感,1,
素質,巨乳,2,
素質,濡れやすい,1,
素質,中距離得意,1,
素質,妖精族,1,
素質,清純派,1,
素質,プライド高い,1,
素質,保守的,1,
素質,マゾ気質,1,
素質,外見,1,;　安産型
;-------FEAT--------------------
素質,精霊交信,1,
素質,不老長寿,1,
素質,叡智の冠,1,
 
;-------感覚など----------------
 
;-------経験--------------------

;-------衣装--------------------
フラグ,40,137,;　ローヴシュヴァリエ
フラグ,41,200,;　オリジナルスーツ　
フラグ,42,311,;　淑女のコルセット
 
;-------髪型--------------------
CSTR,12,ナチュラル,
CSTR,13,ロングヘア,
CSTR,14,ショートヘア,
 
;-------目つき--------------------
CSTR,18,ツリ目,
 
;-------プロフィール-------------
;髪の色
CSTR,30,255//255//8,
;変身時の髪の色
CSTR,31,255//255//8,
;右目の色
CSTR,32,7//232//23,
;左目の色
CSTR,33,7//232//23,
;変身時の右目の色
CSTR,34,7//232//23,
;変身時の左目の色
CSTR,35,7//232//23,
;肌の色
CSTR,36,255//236//220,
;変身時の肌の色
CSTR,37,255//236//220,
 
;-------武器定義-----------------
CSTR,15,袈裟斬り// //装甲,
CSTR,16,シルヴンホーク// //使役,
CSTR,17,アラクノイドルーツ// //設置,
;CSTR,17,ファングオブボア// //全力,
 
;-------キャラフラグ------------
フラグ,10,25,;　変身能力のあるキャラの変身前の能力(デフォルトは25%)
フラグ,11,110,;　変身能力のあるキャラのSP変身後の能力(デフォルトは110%)
 
;-------パーソナリティ----------
CSTR,40,正義感が強い,
CSTR,41,死を覚悟している,
CSTR,42,初対面の相手を詮索したがる,

;-------キャラメイクボーナス----------

;-------現在の体型乱数----------
素質,体型乱数値指定,437680983984,
素質,体型成長曲線指定,200302445972877,
 
;キャラの体型をCSVに記述する場合は上記２つあればＯＫだが、
;以下の乱数指定を利用することもできる
;不要であれば削除すること
;-------体型乱数指定----------
素質,身長成長率乱数,3,
素質,身長補正乱数,27,
素質,体重乱数,24,
素質,胴囲乱数,6,
素質,腰囲乱数,1,
素質,アンダー乱数,11,
素質,胸の張り乱数,8,
素質,胸成長率乱数,7,
素質,胸サイズ補正乱数,13,

;-------固有キャラ--------------
素質,固有キャラ,1