番号,375,
名前,藍咲 ゆあ,
呼び名,ゆあ,
CSTR,10,藍咲,;　苗字
CSTR,4,私,;　一人称

;-------年齢指定----------------
CSTR,204,16,;実年齢指定
CSTR,205,16,;年齢指定
CSTR,206,-1,;変身時年齢指定
 
;-------初期ステータス----------
;ステータスにおける基礎値
基礎,体力,1000,
基礎,気力,1100,
基礎,性耐性,110,
基礎,攻撃,110,
基礎,防御,110,
基礎,敏捷,110,
基礎,知性,110,
基礎,射精,10000,
基礎,噴乳,10000,
能力,レベル,1,
基礎,空中ダッシュ,2,
 
;-------素質--------------------
素質,処女,1,
素質,乱暴者,1,
素質,巨乳,2,
素質,近距離得意,1,
素質,空中苦手,1,
素質,人間,1,
素質,清純派,1,
素質,社交的,1,
素質,自分勝手,1,
素質,度胸,1,
素質,小悪魔,1,
素質,学生,3,;　高校生
;-------FEAT--------------------
素質,巻き込まれ体質,1,
素質,秘められし力,1,
素質,ラッキーチャーム,1,

;-------感覚など----------------
 
;-------経験--------------------
 
;-------衣装--------------------
フラグ,40,101,;　セーラー服
フラグ,41,200,;　オリジナルスーツ　
フラグ,42,300,;　普通の下着
 
;-------髪型--------------------
CSTR,12,Ｍ字分け,
CSTR,13,ツインテール,
CSTR,14,ツインテール,
 
;-------目つき--------------------
CSTR,18,ツリ目,
 
;-------プロフィール-------------
;髪の色
CSTR,30,88//8//8,
;変身時の髪の色
CSTR,31,88//8//8,
;右目の色
CSTR,32,8//112//255,
;左目の色
CSTR,33,8//112//255,
;変身時の右目の色
CSTR,34,8//112//255,
;変身時の左目の色
CSTR,35,8//112//255,
;肌の色
CSTR,36,肌色,
;変身時の肌の色
CSTR,37,肌色,
 
;-------武器定義-----------------
CSTR,15,電撃銃// //重撃,
CSTR,16,警棒打撃// //装甲,
CSTR,17,カバン投げ// //広範,
 
;-------キャラフラグ------------
フラグ,10,25,;　変身能力のあるキャラの変身前の能力(デフォルトは25%)
フラグ,11,110,;　変身能力のあるキャラのSP変身後の能力(デフォルトは110%)
 
;-------パーソナリティ----------
CSTR,40,胸を突き出して怒る,
CSTR,41,人の話を聞かない,
CSTR,42,仕草がセクシー,
 
;-------キャラメイクボーナス----------
 
;-------現在の体型乱数----------
素質,体型乱数値指定,327955722403,
素質,体型成長曲線指定,200101547797674,
 
;キャラの体型をCSVに記述する場合は上記２つあればＯＫだが、
;以下の乱数指定を利用することもできる
;不要であれば削除すること
;-------体型乱数指定----------
素質,身長成長率乱数,2,
素質,身長補正乱数,23,
素質,体重乱数,10,
素質,胴囲乱数,14,
素質,腰囲乱数,4,
素質,アンダー乱数,11,
素質,胸の張り乱数,8,
素質,胸成長率乱数,2,
素質,胸サイズ補正乱数,50,

;-------固有キャラ--------------
素質,固有キャラ,1