番号,376,
名前,鳳 セレーネ,
呼び名,セレーネ,
CSTR,10,鳳,;　苗字
CSTR,4,私,;　一人称
 
;-------年齢指定----------------
CSTR,204,20,;実年齢指定
CSTR,205,20,;年齢指定
CSTR,206,-1,;変身時年齢指定
 
;-------初期ステータス----------
;ステータスにおける基礎値
基礎,体力,1200,
基礎,気力,1200,
基礎,性耐性,100,
基礎,攻撃,135,
基礎,防御,95,
基礎,敏捷,115,
基礎,知性,95,
基礎,射精,10000,
基礎,噴乳,10000,
能力,レベル,1,
基礎,空中ダッシュ,2,
 
;-------素質--------------------
素質,処女,1,
素質,勝気,1,
素質,巨乳,2,
素質,回復早い,1,
素質,人間,1,
素質,清純派,1,
素質,裕福な実家,1,
素質,プライド高い,1,
素質,サド気質,1,
素質,喧嘩上等,1,
素質,度胸,1,
素質,アクセサリ,3,;　お嬢様
素質,外見,1,;　安産型
素質,変身時外見,1,
;-------FEAT--------------------
素質,秘められし力,1,
素質,祝福,1,
素質,不屈,1,

;-------感覚など----------------
 
;-------経験--------------------
 
;-------衣装--------------------
フラグ,40,100,;　私服
フラグ,41,200,;　オリジナルスーツ　
フラグ,42,311,;　淑女のコルセット
 
;-------髪型--------------------
CSTR,12,片目隠れ,
CSTR,13,一本結び,
CSTR,14,一本結び,
 
;-------目つき--------------------
CSTR,18,ツリ目,
 
;-------プロフィール-------------
;髪の色
CSTR,30,205//205//205,
;変身時の髪の色
CSTR,31,205//205//205,
;右目の色
CSTR,32,8//24//216,
;左目の色
CSTR,33,8//24//216,
;変身時の右目の色
CSTR,34,8//24//216,
;変身時の左目の色
CSTR,35,8//24//216,
;肌の色
CSTR,36,肌色,
;変身時の肌の色
CSTR,37,肌色,
 
;-------武器定義-----------------
CSTR,15,スープレックス// //全力,
CSTR,16,ドゥームズデイ// //連続,
CSTR,17,イクスキューショナー// //広範,
 
;-------キャラフラグ------------
フラグ,10,25,;　変身能力のあるキャラの変身前の能力(デフォルトは25%)
フラグ,11,110,;　変身能力のあるキャラのSP変身後の能力(デフォルトは110%)
 
;-------パーソナリティ----------
CSTR,40,言い知れぬ威圧感がある,
CSTR,41,売られた喧嘩は買う,
CSTR,42,美声の持ち主,
 
;-------キャラメイクボーナス----------
 
;-------現在の体型乱数----------
素質,体型乱数値指定,179464550723,
素質,体型成長曲線指定,101131243994994,
 
;キャラの体型をCSVに記述する場合は上記２つあればＯＫだが、
;以下の乱数指定を利用することもできる
;不要であれば削除すること
;-------体型乱数指定----------
素質,身長成長率乱数,8,
素質,身長補正乱数,19,
素質,体重乱数,10,
素質,胴囲乱数,9,
素質,腰囲乱数,4,
素質,アンダー乱数,4,
素質,胸の張り乱数,5,
素質,胸成長率乱数,4,
素質,胸サイズ補正乱数,30,

;-------固有キャラ--------------
素質,固有キャラ,1