番号,374,
名前,九賀 美唯,
呼び名,美唯,
CSTR,10,九賀,;　苗字
CSTR,4,私,;　一人称
 
;-------年齢指定----------------
CSTR,204,14,;実年齢指定
CSTR,205,14,;年齢指定
CSTR,206,-1,;変身時年齢指定
 
;-------初期ステータス----------
;ステータスにおける基礎値
基礎,体力,1100,
基礎,気力,1100,
基礎,性耐性,110,
基礎,攻撃,110,
基礎,防御,110,
基礎,敏捷,110,
基礎,知性,115,
基礎,射精,10000,
基礎,噴乳,10000,
能力,レベル,1,
基礎,空中ダッシュ,2,
 
;-------素質--------------------
素質,処女,1,
素質,ツンデレ,1,
素質,Ｂ敏感,1,
素質,巨乳,1,
素質,中距離得意,1,
素質,異能力者,1,
素質,清純派,1,
素質,献身的,1,
素質,恥じらい,1,
素質,学生,2,;　中学生
素質,家族関係,3,;　兄持ち
;-------FEAT--------------------
素質,攻勢構築,1,
素質,ホットスタート,1,
素質,狩人の勘,1,

;-------感覚など----------------
 
;-------経験--------------------
 
;-------衣装--------------------
フラグ,40,101,;　セーラー服
フラグ,41,200,;　オリジナルスーツ
フラグ,42,300,;　普通の下着
 
;-------髪型--------------------
CSTR,12,Ｍ字分け,
CSTR,13,ロングヘア,
CSTR,14,ロングヘア,
 
;-------目つき--------------------
CSTR,18,普通,
 
;-------プロフィール-------------
;髪の色
CSTR,30,40//24//24,
;変身時の髪の色
CSTR,31,40//24//24,
;右目の色
CSTR,32,88//8//8,
;左目の色
CSTR,33,88//8//8,
;変身時の右目の色
CSTR,34,88//8//8,
;変身時の左目の色
CSTR,35,88//8//8,
;肌の色
CSTR,36,肌色,
;変身時の肌の色
CSTR,37,肌色,
 
;-------武器定義-----------------
CSTR,15,鳳牙 一之閃// //知略,
CSTR,16,鳳牙 二之太刀// //使役,
CSTR,17,鳳翼 三之舞// //設置,
 
;-------キャラフラグ------------
フラグ,10,25,;　変身能力のあるキャラの変身前の能力(デフォルトは25%)
フラグ,11,110,;　変身能力のあるキャラのSP変身後の能力(デフォルトは110%)
 
;-------パーソナリティ----------
CSTR,40,家事万能,
CSTR,41,視力がとても良い,
CSTR,42,常にリスクを考慮して行動する,

;-------キャラメイクボーナス----------

;-------体型数値指定----------
素質,体型乱数値指定,185131830661,
素質,体型成長曲線指定,201410324695779,
 
;キャラの体型をCSVに記述する場合は上記２つあればＯＫだが、
;以下の乱数指定を利用することもできる
;不要であれば削除すること
;-------体型乱数指定----------
素質,身長成長率乱数,9,
素質,身長補正乱数,15,
素質,体重乱数,19,
素質,胴囲乱数,2,
素質,腰囲乱数,5,
素質,アンダー乱数,12,
素質,胸の張り乱数,18,
素質,胸成長率乱数,2,
素質,胸サイズ補正乱数,38,

;-------固有キャラ--------------
素質,固有キャラ,1