番号,371,
名前,ミア,
呼び名,ミア,
CSTR,4,私,;　一人称
 
;-------年齢指定----------------
CSTR,204,11,;実年齢指定
CSTR,205,11,;年齢指定
CSTR,206,11,;変身時年齢指定
 
;-------初期ステータス----------
;ステータスにおける基礎値
基礎,体力,1000,
基礎,気力,1200,
基礎,性耐性,120,
基礎,攻撃,100,
基礎,防御,100,
基礎,敏捷,130,
基礎,知性,100,
基礎,射精,10000,
基礎,噴乳,10000,
能力,レベル,1,
基礎,空中ダッシュ,2,
 
;-------素質--------------------
素質,処女,1,
素質,パイパン,1,
素質,初心,1,
素質,無口,1,
素質,Ｃ敏感,1,
素質,貧乳,1,
素質,回復早い,1,
素質,小柄,1,
素質,空中得意,1,
素質,魔法使い,1,
素質,清純派,1,
素質,内向的,1,
素質,男性苦手,1,
素質,学生,1,;　小学生
;-------FEAT--------------------
素質,魔力貯蔵,1,
素質,空中浮遊,1,
素質,不老長寿,1,
 
;-------感覚など----------------
 
;-------経験--------------------
 
;-------衣装--------------------
フラグ,40,100,;　私服
フラグ,41,201,;　プリティスカート
フラグ,42,302,;　大人の下着
 
;-------髪型--------------------
CSTR,12,ナチュラル,
CSTR,13,ツーサイドアップ,
CSTR,14,ツーサイドアップ,
 
;-------目つき--------------------
CSTR,18,普通,
 
;-------プロフィール-------------
;髪の色
CSTR,30,220//245//245,
;変身時の髪の色
CSTR,31,220//245//245,
;右目の色
CSTR,32,88//8//8,
;左目の色
CSTR,33,88//8//8,
;変身時の右目の色
CSTR,34,88//8//8,
;変身時の左目の色
CSTR,35,88//8//8,
;肌の色
CSTR,36,255//236//220,
;変身時の肌の色
CSTR,37,255//236//220,
 
;-------武器定義-----------------
;魔法具/陰鬱たろ剣王
;魔法槍貫穿/赤熱の螺旋
;渦卷く狩人/零下の散彈

CSTR,15,魔法光刃// //通常,
CSTR,16,魔法穿槍// //撹乱,
CSTR,17,魔法連弓// //連続,
 
;-------キャラフラグ------------
フラグ,10,25,;　変身能力のあるキャラの変身前の能力(デフォルトは25%)
フラグ,11,110,;　変身能力のあるキャラのSP変身後の能力(デフォルトは110%)
 
;-------変身能力関連------------
素質,変身能力,1,;　変身能力あり
 
;変身後の名前
CSTR,0,魔法少女ミア,
フラグ,2,1,
 
;変身後の呼び名
CSTR,1,ミア,
フラグ,3,1,
 
;変身時の名乗り
CSTR,3,魔法少女ミア。……殲滅開始,
フラグ,5,1,
 
;-------パーソナリティ----------
CSTR,40,隠れた努力家,
CSTR,41,無防備な仕草が多い,
CSTR,42,あまり笑顔を見せない,

;-------キャラメイクボーナス----------

;-------体型数値指定----------
素質,体型乱数値指定,434988665272,
素質,体型成長曲線指定,11342147938764,
 
;キャラの体型をCSVに記述する場合は上記２つあればＯＫだが、
;以下の乱数指定を利用することもできる
;不要であれば削除すること
;-------体型乱数指定----------
素質,身長成長率乱数,11,
素質,身長補正乱数,5,
素質,体重乱数,20,
素質,胴囲乱数,4,
素質,腰囲乱数,1,
素質,アンダー乱数,6,
素質,胸の張り乱数,0,
素質,胸成長率乱数,7,
素質,胸サイズ補正乱数,2,

;-------口上指定----------------

;-------固有キャラ--------------
素質,固有キャラ
