番号,372,
名前,魔王 レナス,
呼び名,レナス,
CSTR,4,私,;　一人称
 
;-------年齢指定----------------
CSTR,204,19,;実年齢指定
CSTR,205,19,;年齢指定
CSTR,206,-1,;変身時年齢指定
 
;-------初期ステータス----------
;ステータスにおける基礎値
基礎,体力,1400,
基礎,気力,1000,
基礎,性耐性,105,
基礎,攻撃,140,
基礎,防御,90,
基礎,敏捷,90,
基礎,知性,100,
基礎,射精,10000,
基礎,噴乳,10000,
能力,レベル,1,
基礎,空中ダッシュ,2,
 
;-------素質--------------------
素質,処女,1,
素質,古風,1,
素質,Ａ敏感,1,
素質,巨乳,2,
素質,長身,1,
素質,近距離得意,1,
素質,魔族,1,
素質,プライド高い,1,
素質,喧嘩上等,1,
素質,上品,1,
素質,外見,1,;　安産型
;-------FEAT--------------------
素質,闘争本能,1,
素質,生粋の戦士,1,
素質,不屈,1,
 
;-------感覚など----------------
 
;-------経験--------------------
 
;-------衣装--------------------
フラグ,40,137,;　ローヴシュヴァリエ
フラグ,41,200,;　オリジナルスーツ
フラグ,42,302,;　大人の下着
 
;-------髪型--------------------
CSTR,12,ナチュラル,
CSTR,13,ツインテール,
CSTR,14,ツインテール,
 
;-------目つき--------------------
CSTR,18,ツリ目,
 
;-------プロフィール-------------
;髪の色
CSTR,30,255//255//8,
;変身時の髪の色
CSTR,31,255//255//8,
;右目の色
CSTR,32,8//255//255,
;左目の色
CSTR,33,8//255//255,
;変身時の右目の色
CSTR,34,8//255//255,
;変身時の左目の色
CSTR,35,8//255//255,
;肌の色
CSTR,36,255//236//220,
;変身時の肌の色
CSTR,37,255//236//220,
 
;-------武器定義-----------------
CSTR,15,双頭の青// //重撃,
CSTR,16,虚空の青// //通常,
CSTR,17,衝撃の青// //広範,
 
;-------キャラフラグ------------
フラグ,10,25,;　変身能力のあるキャラの変身前の能力(デフォルトは25%)
フラグ,11,110,;　変身能力のあるキャラのSP変身後の能力(デフォルトは110%)
 
;-------パーソナリティ----------
CSTR,40,負けず嫌い,
CSTR,41,考え事をする時は目を閉じる,
CSTR,42,例え偽善でも正しいと思ったことをする,

;-------キャラメイクボーナス----------

;-------体型数値指定----------
素質,体型乱数値指定,389070774870,
素質,体型成長曲線指定,113001612999396,
 
;キャラの体型をCSVに記述する場合は上記２つあればＯＫだが、
;以下の乱数指定を利用することもできる
;不要であれば削除すること
;-------体型乱数指定----------
素質,身長成長率乱数,9,
素質,身長補正乱数,4,
素質,体重乱数,28,
素質,胴囲乱数,1,
素質,腰囲乱数,7,
素質,アンダー乱数,12,
素質,胸の張り乱数,13,
素質,胸成長率乱数,2,
素質,胸サイズ補正乱数,23,

;-------固有キャラ--------------
素質,固有キャラ,1