番号,101,
名前,塩澤 明日香,
呼び名,明日香,
CSTR,10,塩澤,;　苗字
 
;-------年齢指定----------------
CSTR,204,17,
CSTR,205,17,
CSTR,206,17,
;-------初期ステータス----------
;ステータスにおける基礎値
基礎,体力,1000,
基礎,気力,1200,
基礎,性耐性,80,
基礎,攻撃,100,
基礎,防御,100,
基礎,敏捷,100,
基礎,知性,110,
基礎,射精,10000,
基礎,噴乳,10000,
能力,レベル,1,
基礎,空中ダッシュ,2,
 
;-------素質--------------------
素質,処女,1,
素質,パイパン,1,
素質,真面目,1,
素質,Ａ敏感,1,
素質,濡れやすい,1,
素質,回復早い,1,
素質,近距離得意,1,
素質,中距離苦手,1,
素質,遠距離苦手,1,
素質,空中苦手,1,
素質,Ｃ結界,1,
素質,Ｖ結界,1,
素質,Ｂ結界,1,
素質,人間,1,
素質,変身時体格変動,1,
素質,変身時胸サイズ変動,2,
素質,清純派,1,
素質,学生,3,;　高校生
素質,家族関係,1,;　弟持ち
素質,アクセサリ,2,;　アホ毛
素質,外見,1,
 
;-------衣装--------------------
フラグ,40,100,
フラグ,41,201,
フラグ,42,300,
 
;-------髪型--------------------
CSTR,12,ナチュラル,
CSTR,13,ロングヘア,
CSTR,14,ウェーブヘア,
 
;-------目つき--------------------
CSTR,18,普通,

;-------プロフィール-------------
;髪の色
CSTR,30,40//24//24,
;変身時の髪の色
CSTR,31,255//8//255,
;右目の色
CSTR,32,黒,
;左目の色
CSTR,33,黒,
;変身時の右目の色
CSTR,34,8//125//255,
;変身時の左目の色
CSTR,35,8//125//255,
;肌の色
CSTR,36,255//200//180,
;変身時の肌の色
CSTR,37,255//200//180,
 
;-------武器定義-----------------
CSTR,15,"マジカル・ロッド"// //重撃,
CSTR,16,"マジカル・全方位バリアー"// //装甲,
CSTR,17,渾砲 「マジカル・フルバースト」// //全力,
 
;-------キャラフラグ------------
フラグ,10,25,;　変身能力のあるキャラの変身前の能力(デフォルトは25%)
フラグ,11,110,;　変身能力のあるキャラのSP変身後の能力(デフォルトは110%)
 
;-------変身能力関連------------
素質,変身能力,1,;　変身能力あり
 
;変身後の名前
CSTR,0,エンジェル・アスター,
フラグ,2,1,
 
;変身後の呼び名
CSTR,1,エンジェル・アスター,
フラグ,3,1,
 
;変身時のかけ声
CSTR,2,インストール！,
フラグ,4,1,
 
;変身時の名乗り
CSTR,3,エンジェル・アスター、参上！,
フラグ,5,1,
 
;-------キャラメイクボーナス----------
フラグ,50,-5,;体力
フラグ,51,-15,;気力
フラグ,52,-20,;性耐性
フラグ,53,15,;攻撃
フラグ,54,20,;防御
フラグ,55,-20,;敏捷
フラグ,56,-20,;知性
 
;生成終了=============================================================================
